season,round,pick,team,gsis_id,pfr_player_id,cfb_player_id,pfr_player_name,hof,position,category,side,college,age,to,allpro,probowls,seasons_started,w_av,car_av,dr_av,games,pass_completions,pass_attempts,pass_yards,pass_tds,pass_ints,rush_atts,rush_yards,rush_tds,receptions,rec_yards,rec_tds,def_solo_tackles,def_ints,def_sacks
2025,1,1,TEN,00-0040676,WardCa00,cameron-ward-1,Cam Ward,FALSE,QB,QB,O,Miami (FL),23,2025,0,0,0,7,,7,17,323,540,3169,15,7,39,159,2,0,0,0,,,
2025,1,2,JAX,00-0040718,HuntTr00,travis-hunter-2,Travis Hunter,FALSE,WR,WR,O,Colorado,22,2025,0,0,0,5,,5,7,0,0,0,0,0,1,0,0,28,298,1,11,,
2025,1,3,NYG,00-0040677,CartAb00,abdul-carter-1,Abdul Carter,FALSE,DE,DL,D,Penn St.,21,2025,0,0,0,4,,4,17,0,0,0,0,0,0,0,0,0,0,0,25,,4
2025,1,4,NWE,00-0040699,CampWi01,will-campbell-1,Will Campbell,FALSE,OT,OL,O,LSU,21,2025,0,0,0,8,,8,13,0,0,0,0,0,0,0,0,0,0,0,,,
2025,1,5,CLE,00-0040685,GrahMa00,mason-graham-2,Mason Graham,FALSE,DT,DL,D,Michigan,22,2025,0,0,0,8,,8,17,0,0,0,0,0,0,0,0,0,0,0,28,,0.5
2025,1,6,LVR,00-0040122,JeanAs00,ashton-jeanty-1,Ashton Jeanty,FALSE,RB,RB,O,Boise St.,21,2025,0,0,0,7,,7,17,0,0,0,0,0,266,975,5,55,346,5,,,
2025,1,7,NYJ,00-0040123,MembAr00,armand-membou-1,Armand Membou,FALSE,OL,OL,O,Missouri,21,2025,0,0,0,7,,7,17,0,0,0,0,0,0,0,0,0,0,0,,,
2025,1,8,CAR,00-0040124,McMiTe00,tetairoa-mcmillan-1,Tetairoa McMillan,FALSE,WR,WR,O,Arizona,22,2025,0,0,0,9,,9,17,0,0,0,0,0,0,0,0,70,1014,7,,,
2025,1,9,NOR,00-0040125,BankKe01,kelvin-banks-jr-1,Kelvin Banks,FALSE,OL,OL,O,Texas,21,2025,0,0,0,6,,6,17,0,0,0,0,0,0,0,0,0,0,0,,,
2025,1,10,CHI,00-0040126,LoveCo00,colston-loveland-1,Colston Loveland,FALSE,TE,TE,O,Michigan,21,2025,0,0,0,7,,7,16,0,0,0,0,0,1,-2,0,58,713,6,,,
2025,1,11,SFO,00-0040660,WillMy00,mykel-williams-1,Mykel Williams,FALSE,DL,DL,D,Georgia,21,2025,0,0,0,4,,4,9,0,0,0,0,0,0,0,0,0,0,0,11,,1
2025,1,12,DAL,00-0040007,BookTy00,tyler-booker-1,Tyler Booker,FALSE,OL,OL,O,Alabama,21,2025,0,0,0,6,,6,14,0,0,0,0,0,0,0,0,0,0,0,,,
2025,1,13,MIA,00-0040127,GranKe01,kenneth-grant-2,Kenneth Grant,FALSE,DT,DL,D,Michigan,21,2025,0,0,0,3,,3,17,0,0,0,0,0,0,0,0,0,0,0,15,,2
2025,1,14,IND,00-0040128,WarrTy00,tyler-warren-1,Tyler Warren,FALSE,TE,TE,O,Penn St.,23,2025,0,1,0,9,,9,17,0,1,0,0,0,6,8,1,76,817,4,,,
2025,1,15,ATL,00-0040577,WalkJa02,jalon-walker-1,Jalon Walker,FALSE,DE,DL,D,Georgia,21,2025,0,0,0,5,,5,15,0,0,0,0,0,0,0,0,0,0,0,24,,5.5
2025,1,16,ARI,00-0040706,NoleWa00,walter-nolen-1,Walter Nolen,FALSE,DT,DL,D,Mississippi,21,2025,0,0,0,1,,1,6,0,0,0,0,0,0,0,0,0,0,0,8,,2
2025,1,17,CIN,00-0040756,StewSh00,shemar-stewart-1,Shemar Stewart,FALSE,DE,DL,D,Texas A&M,21,2025,0,0,0,2,,2,8,0,0,0,0,0,0,0,0,0,0,0,5,,1
2025,1,18,SEA,00-0040639,ZabeGr00,,Grey Zabel,FALSE,OT,OL,O,North Dakota St.,23,2025,0,0,0,7,,7,17,0,0,0,0,0,0,0,0,0,0,0,,,
2025,1,19,TAM,00-0040129,EgbuEm01,emeka-egbuka-1,Emeka Egbuka,FALSE,WR,WR,O,Ohio St.,22,2025,0,0,0,9,,9,17,0,0,0,0,0,2,9,0,63,938,6,,,
2025,1,20,DEN,00-0040720,BarrJa01,jahdae-barron-1,Jahdae Barron,FALSE,CB,DB,D,Texas,23,2025,0,0,0,3,,3,17,0,0,0,0,0,0,0,0,0,0,0,24,1,
2025,1,21,PIT,00-0040678,HarmDe01,derrick-harmon-2,Derrick Harmon,FALSE,DT,DL,D,Oregon,22,2025,0,0,0,4,,4,12,0,0,0,0,0,0,0,0,0,0,0,11,,3
2025,1,22,LAC,00-0040666,HampOm00,omarion-hampton-1,Omarion Hampton,FALSE,RB,RB,O,North Carolina,22,2025,0,0,0,5,,5,9,0,0,0,0,0,124,545,4,32,192,1,,,
2025,1,23,GNB,00-0040667,GoldMa02,matthew-golden-1,Matthew Golden,FALSE,WR,WR,O,Texas,22,2025,0,0,0,4,,4,14,0,0,0,0,0,10,49,0,29,361,0,,,
2025,1,24,MIN,00-0040661,JackDo03,donovan-jackson-1,Donovan Jackson,FALSE,OL,OL,O,Ohio St.,22,2025,0,0,0,5,,5,14,0,0,0,0,0,0,0,0,0,0,0,,,
2025,1,25,NYG,00-0040691,DartJa00,jaxson-dart-1,Jaxson Dart,FALSE,QB,QB,O,Mississippi,22,2025,0,0,0,11,,11,14,216,339,2272,15,5,86,487,9,0,0,0,,,
2025,1,26,ATL,00-0040578,PearJa00,james-pearce-jr-1,James Pearce,FALSE,DE,DL,D,Tennessee,21,2025,0,0,0,3,,3,17,0,0,0,0,0,0,0,0,0,0,0,17,,10.5
2025,1,27,BAL,00-0040688,StarMa00,malaki-starks-1,Malaki Starks,FALSE,SAF,DB,D,Georgia,21,2025,0,0,0,5,,5,17,0,0,0,0,0,0,0,0,0,0,0,49,2,
2025,1,28,DET,00-0040672,WillTy02,tyleik-williams-1,Tyleik Williams,FALSE,DT,DL,D,Ohio St.,22,2025,0,0,0,4,,4,17,0,0,0,0,0,0,0,0,0,0,0,8,,1
2025,1,29,WAS,00-0040686,ConeJo00,josh-conerly-jr-1,Josh Conerly,FALSE,OL,OL,O,Oregon,21,2025,0,0,0,8,,8,17,0,0,0,0,0,0,0,0,0,0,0,,,
2025,1,30,BUF,00-0040709,HairMa00,maxwell-hairston-1,Maxwell Hairston,FALSE,CB,DB,D,Kentucky,22,2025,0,0,0,2,,2,11,0,0,0,0,0,0,0,0,0,0,0,14,2,
2025,1,31,PHI,00-0040708,CampJi00,jihaad-campbell-1,Jihaad Campbell,FALSE,LB,LB,D,Alabama,21,2025,0,0,0,6,,6,17,0,0,0,0,0,0,0,0,0,0,0,44,1,
2025,1,32,KAN,00-0040116,SimmJo01,josh-simmons-1,Josh Simmons,FALSE,OL,OL,O,Ohio St.,22,2025,0,0,0,4,,4,8,0,0,0,0,0,0,0,0,0,0,0,,,
2025,2,33,CLE,00-0040579,SchwCa00,carson-schwesinger-1,Carson Schwesinger,FALSE,LB,LB,D,UCLA,22,2025,0,0,0,8,,8,16,0,0,0,0,0,0,0,0,0,0,0,67,2,2.5
2025,2,34,HOU,00-0040130,HiggJa00,jayden-higgins-1,Jayden Higgins,FALSE,WR,WR,O,Iowa St.,22,2025,0,0,0,4,,4,17,0,0,0,0,0,0,0,0,41,525,6,,,
2025,2,35,SEA,00-0040733,EmmaNi00,nick-emmanwori-1,Nick Emmanwori,FALSE,SAF,DB,D,South Carolina,21,2025,0,0,0,4,,4,14,0,0,0,0,0,0,0,0,0,0,0,56,1,2.5
2025,2,36,CLE,00-0040784,JudkQu00,quinshon-judkins-1,Quinshon Judkins,FALSE,RB,RB,O,Ohio St.,21,2025,0,0,0,4,,4,14,0,0,0,0,0,230,827,7,26,171,0,,,
2025,2,37,MIA,00-0040742,SavaJo00,jonah-savaiinaea-1,Jonah Savaiinaea,FALSE,OL,OL,O,Arizona,21,2025,0,0,0,6,,6,17,0,0,0,0,0,0,0,0,0,0,0,,,
2025,2,38,NWE,00-0040734,HendTr02,treveyon-henderson-1,TreVeyon Henderson,FALSE,RB,RB,O,Ohio St.,22,2025,0,0,0,8,,8,17,0,0,0,0,0,180,911,9,35,221,1,,,
2025,2,39,CHI,00-0040735,BurdLu00,luther-burden-1,Luther Burden,FALSE,WR,WR,O,Missouri,21,2025,0,0,0,6,,6,15,0,0,0,0,0,6,37,0,47,652,2,,,
2025,2,40,NOR,00-0040743,ShouTy00,tyler-shough-1,Tyler Shough,FALSE,QB,QB,O,Louisville,25,2025,0,0,0,7,,7,11,221,327,2384,10,6,45,186,3,0,0,0,,,
2025,2,41,BUF,00-0040724,SandTJ00,tj-sanders-2,T.J. Sanders,FALSE,DT,DL,D,South Carolina,22,2025,0,0,0,2,,2,12,0,0,0,0,0,0,0,0,0,0,0,7,,1
2025,2,42,NYJ,00-0040736,TaylMa02,mason-taylor-1,Mason Taylor,FALSE,TE,TE,O,LSU,21,2025,0,0,0,3,,3,13,0,0,0,0,0,0,0,0,44,369,1,,,
2025,2,43,SFO,00-0040721,CollAl01,alfred-collins-1,Alfred Collins,FALSE,DT,DL,D,Texas,23,2025,0,0,0,2,,2,16,0,0,0,0,0,0,0,0,0,0,0,4,,1
2025,2,44,DAL,00-0040725,EzeiDo00,donovan-ezeiruaku-1,Donovan Ezeiruaku,FALSE,DE,DL,D,Boston Col.,21,2025,0,0,0,3,,3,17,0,0,0,0,0,0,0,0,0,0,0,20,,2
2025,2,45,IND,00-0040744,TuimJT00,jt-tuimoloau-1,JT Tuimoloau,FALSE,DE,DL,D,Ohio St.,22,2025,0,0,0,1,,1,13,0,0,0,0,0,0,0,0,0,0,0,6,,
2025,2,46,LAR,00-0040737,FergTe00,terrance-ferguson-1,Terrance Ferguson,FALSE,TE,TE,O,Oregon,22,2025,0,0,0,2,,2,14,0,0,0,0,0,1,0,0,11,231,3,,,
2025,2,47,ARI,00-0040751,JohnWi02,will-johnson-10,Will Johnson,FALSE,CB,DB,D,Michigan,22,2025,0,0,0,3,,3,12,0,0,0,0,0,0,0,0,0,0,0,27,,
2025,2,48,HOU,00-0040745,ErseAi00,aireontae-ersery-1,Aireontae Ersery,FALSE,OL,OL,O,Minnesota,23,2025,0,0,0,7,,7,16,0,0,0,0,0,0,0,0,0,0,0,,,
2025,2,49,CIN,00-0040738,KnigDe00,demetrius-knight-ii-1,Demetrius Knight,FALSE,LB,LB,D,South Carolina,25,2025,0,0,0,6,,6,17,0,0,0,0,0,0,0,0,0,0,0,58,2,3
2025,2,50,SEA,00-0040739,ArroEl00,elijah-arroyo-1,Elijah Arroyo,FALSE,TE,TE,O,Miami (FL),22,2025,0,0,0,2,,2,13,0,0,0,0,0,0,0,0,15,179,1,,,
2025,2,51,CAR,00-0040746,ScouNi00,nic-caraway-1,Nic Scourton,FALSE,DE,DL,D,Texas A&M,21,2025,0,0,0,4,,4,17,0,0,0,0,0,0,0,0,0,0,0,20,,5
2025,2,52,TEN,00-0040752,OladOl00,femi-oladejo-1,Oluwafemi Oladejo,FALSE,DE,DL,D,UCLA,21,2025,0,0,0,1,,1,6,0,0,0,0,0,0,0,0,0,0,0,5,,
2025,2,53,TAM,00-0040747,MorrBe00,benjamin-morrison-1,Benjamin Morrison,FALSE,CB,DB,D,Notre Dame,21,2025,0,0,0,2,,2,10,0,0,0,0,0,0,0,0,0,0,0,19,,
2025,2,54,GNB,00-0040726,BeltAn00,anthony-belton-1,Anthony Belton,FALSE,OT,OL,O,North Carolina St.,24,2025,0,0,0,5,,5,14,0,0,0,0,0,0,0,0,0,0,0,,,
2025,2,55,LAC,00-0040727,HarrTr03,tre-harris-1,Tre Harris,FALSE,WR,WR,O,Mississippi,23,2025,0,0,0,3,,3,17,0,0,0,0,0,2,10,0,30,324,1,,,
2025,2,56,CHI,00-0040740,TrapOz00,ozzy-trapilo-1,Ozzy Trapilo,FALSE,OL,OL,O,Boston Col.,23,2025,0,0,0,3,,3,14,0,0,0,0,0,0,0,0,0,0,0,,,
2025,2,57,DET,00-0040728,RatlTa00,tate-ratledge-1,Tate Ratledge,FALSE,OL,OL,O,Georgia,24,2025,0,0,0,7,,7,17,0,0,0,0,0,0,0,0,0,0,0,,,
2025,2,58,LVR,00-0040729,BechJa00,jack-bech-1,Jack Bech,FALSE,WR,WR,O,TCU,22,2025,0,0,0,2,,2,16,0,0,0,0,0,0,0,0,20,224,0,1,,
2025,2,59,BAL,00-0040722,GreeMi02,mike-green-14,Mike Green,FALSE,DE,DL,D,Marshall,22,2025,0,0,0,2,,2,17,0,0,0,0,0,0,0,0,0,0,0,17,,3.5
2025,2,60,DEN,00-0040730,HarvRJ00,rj-harvey-1,RJ Harvey,FALSE,RB,RB,O,Central Florida,24,2025,0,0,0,6,,6,17,0,1,0,0,0,146,540,7,47,356,5,,,
2025,2,61,WAS,00-0040731,AmosTr00,trey-amos-1,Trey Amos,FALSE,CB,DB,D,Mississippi,23,2025,0,0,0,2,,2,10,0,0,0,0,0,0,0,0,0,0,0,19,,
2025,2,62,CHI,00-0040741,TurnSh00,shemar-turner-1,Shemar Turner,FALSE,DE,DL,D,Texas A&M,22,2025,0,0,0,0,,0,5,0,0,0,0,0,0,0,0,0,0,0,6,,
2025,2,63,KAN,00-0040748,NormOm00,omarr-norman-lott-1,Omarr Norman-Lott,FALSE,DT,DL,D,Tennessee,23,2025,0,0,0,1,,1,5,0,0,0,0,0,0,0,0,0,0,0,4,,1
2025,2,64,PHI,00-0040749,MukuAn00,andrew-mukuba-1,Andrew Mukuba,FALSE,SAF,DB,D,Texas,22,2025,0,0,0,3,,3,11,0,0,0,0,0,0,0,0,0,0,0,27,2,0.5
2025,3,65,NYG,00-0040694,AlexDa01,darius-alexander-1,Darius Alexander,FALSE,DT,DL,D,Toledo,25,2025,0,0,0,2,,2,16,0,0,0,0,0,0,0,0,0,0,0,9,,3.5
2025,3,66,KAN,00-0040640,GillAs00,ashton-gillotte-1,Ashton Gillotte,FALSE,DE,DL,D,Louisville,22,2025,0,0,0,3,,3,17,0,0,0,0,0,0,0,0,0,0,0,14,1,1.5
2025,3,67,CLE,00-0040663,FannHa00,harold-fannin-jr-1,Harold Fannin,FALSE,TE,TE,O,Bowling Green,21,2025,0,0,0,5,,5,16,0,0,0,0,0,7,13,1,72,731,6,,,
2025,3,68,LVR,00-0040641,PortDa00,darien-porter-1,Darien Porter,FALSE,CB,DB,D,Iowa St.,24,2025,0,0,0,4,,4,17,0,0,0,0,0,0,0,0,0,0,0,29,,
2025,3,69,NWE,00-0040131,WillKy03,kyle-williams-11,Kyle Williams,FALSE,WR,WR,O,Washington St.,22,2025,0,0,0,2,,2,17,0,0,0,0,0,2,3,0,10,209,3,,,
2025,3,70,DET,00-0040669,TeSlIs00,isaac-teslaa-1,Isaac TeSlaa,FALSE,WR,WR,O,Arkansas,23,2025,0,0,0,2,,2,17,0,0,0,0,0,0,0,0,16,239,6,,,
2025,3,71,NOR,00-0040642,BrouVe00,vernon-broughton-1,Vernon Broughton,FALSE,DT,DL,D,Texas,24,2025,0,0,0,0,,0,1,0,0,0,0,0,0,0,0,0,0,0,,,
2025,3,72,BUF,00-0040132,JackLa03,landon-jackson-1,Landon Jackson,FALSE,DE,DL,D,Arkansas,22,2025,0,0,0,0,,0,3,0,0,0,0,0,0,0,0,0,0,0,,,
2025,3,73,NYJ,00-0040133,ThomAz00,azareyeh-thomas-1,Azareye'h Thomas,FALSE,CB,DB,D,Florida St.,21,2025,0,0,0,2,,2,12,0,0,0,0,0,0,0,0,0,0,0,13,,
2025,3,74,DEN,00-0040134,BryaPa00,pat-bryant-1,Pat Bryant,FALSE,WR,WR,O,Illinois,22,2025,0,0,0,3,,3,15,0,0,0,0,0,0,0,0,31,378,1,,,
2025,3,75,SFO,00-0040135,MartNi01,nickolas-martin-1,Nick Martin,FALSE,LB,LB,D,Oklahoma St.,22,2025,0,0,0,1,,1,7,0,0,0,0,0,0,0,0,0,0,0,8,,
2025,3,76,DAL,00-0040008,ReveSh00,shavon-revel-1,Shavon Revel,FALSE,CB,DB,D,East Carolina,24,2025,0,0,0,1,,1,7,0,0,0,0,0,0,0,0,0,0,0,23,,
2025,3,77,CAR,00-0040136,UmanPr00,princely-umanmielen-1,Princely Umanmielen,FALSE,DE,DL,D,Mississippi,23,2025,0,0,0,2,,2,16,0,0,0,0,0,0,0,0,0,0,0,13,,1.5
2025,3,78,ARI,00-0040137,BurcJo00,jordan-burch-1,Jordan Burch,FALSE,DE,DL,D,Oregon,23,2025,0,0,0,1,,1,17,0,0,0,0,0,0,0,0,0,0,0,5,,1
2025,3,79,HOU,00-0040138,NoelJa00,jaylin-noel-1,Jaylin Noel,FALSE,WR,WR,O,Iowa St.,23,2025,0,0,0,2,,2,17,0,0,0,0,0,6,12,0,26,292,2,,,
2025,3,80,IND,00-0040139,WallJu00,justin-walley-1,Justin Walley,FALSE,CB,DB,D,Minnesota,22,,0,0,0,,,,,,,,,,,,,,,,,,
2025,3,81,CIN,00-0040140,FairDy00,dylan-fairchild-1,Dylan Fairchild,FALSE,OL,OL,O,Georgia,22,2025,0,0,0,6,,6,15,0,0,0,0,0,0,0,0,0,0,0,,,
2025,3,82,TEN,00-0040141,WinsKe02,kevin-winston-1,Kevin Winston,FALSE,SAF,DB,D,Penn St.,21,2025,0,0,0,2,,2,10,0,0,0,0,0,0,0,0,0,0,0,21,,1
2025,3,83,PIT,00-0040142,JohnKa03,kaleb-johnson-2,Kaleb Johnson,FALSE,RB,RB,O,Iowa,22,2025,0,0,0,1,,1,10,0,0,0,0,0,28,69,0,1,9,0,,,
2025,3,84,TAM,00-0040143,ParrJa01,jacob-parrish-1,Jacob Parrish,FALSE,CB,DB,D,Kansas St.,21,2025,0,0,0,3,,3,17,0,0,0,0,0,0,0,0,0,0,0,50,2,2
2025,3,85,KAN,00-0040670,WillNo01,nohl-williams-1,Nohl Williams,FALSE,CB,DB,D,California,22,2025,0,0,0,3,,3,17,0,0,0,0,0,0,0,0,0,0,0,30,,1
2025,3,86,LAC,00-0040144,CaldJa00,jamaree-caldwell-1,Jamaree Caldwell,FALSE,DT,DL,D,Oregon,25,2025,0,0,0,3,,3,17,0,0,0,0,0,0,0,0,0,0,0,14,,1
2025,3,87,GNB,00-0040009,WillSa01,savion-williams-2,Savion Williams,FALSE,WR,WR,O,TCU,23,2025,0,0,0,1,,1,12,0,0,0,0,0,11,37,0,10,78,1,,,
2025,3,88,JAX,00-0040145,RansCa00,caleb-ransaw-1,Caleb Ransaw,FALSE,SAF,DB,D,Tulane,22,,0,0,0,,,,,,,,,,,,,,,,,,
2025,3,89,JAX,00-0040146,MiluWy00,wyatt-milum-1,Wyatt Milum,FALSE,OL,OL,O,West Virginia,22,2025,0,0,0,1,,1,10,0,0,0,0,0,0,0,0,0,0,0,,,
2025,3,90,LAR,00-0040580,StewJo03,josaiah-stewart-1,Josaiah Stewart,FALSE,DE,DL,D,Michigan,22,2025,0,0,0,2,,2,17,0,0,0,0,0,0,0,0,0,0,0,13,,3
2025,3,91,BAL,00-0040068,JoneEm02,emery-jones-1,Emery Jones,FALSE,OL,OL,O,LSU,21,2025,0,0,0,0,,0,5,0,0,0,0,0,0,0,0,0,0,0,,,
2025,3,92,SEA,00-0040673,MilrJa00,jalen-milroe-1,Jalen Milroe,FALSE,QB,QB,O,Alabama,22,2025,0,0,0,0,,0,3,0,0,0,0,0,3,4,0,0,0,0,,,
2025,3,93,NOR,00-0040643,SankJo00,jonas-sanker-1,Jonas Sanker,FALSE,SAF,DB,D,Virginia,22,2025,0,0,0,7,,7,17,0,0,0,0,0,0,0,0,0,0,0,46,2,
2025,3,94,CLE,00-0040704,GabrDi00,dillon-gabriel-1,Dillon Gabriel,FALSE,QB,QB,O,Oregon,24,2025,0,0,0,0,,0,10,110,185,937,7,2,14,86,0,0,0,0,,,
2025,3,95,NWE,00-0040147,WilsJa02,jared-wilson-2,Jared Wilson,FALSE,OL,OL,O,Georgia,22,2025,0,0,0,7,,7,13,0,0,0,0,0,0,0,0,0,0,0,,,
2025,3,96,ATL,00-0040148,WattXa00,xavier-watts-1,Xavier Watts,FALSE,SAF,DB,D,Notre Dame,23,2025,0,0,0,7,,7,17,0,0,0,0,0,0,0,0,0,0,0,59,5,
2025,3,97,HOU,00-0040149,SmitJa11,jaylin-smith-1,Jaylin Smith,FALSE,CB,DB,D,USC,21,2025,0,0,0,0,,0,4,0,0,0,0,0,0,0,0,0,0,0,3,,
2025,3,98,LVR,00-0040150,RogeCa01,caleb-rogers-1,Caleb Rogers,FALSE,OL,OL,O,Texas Tech,23,2025,0,0,0,2,,2,6,0,0,0,0,0,0,0,0,0,0,0,,,
2025,3,99,LVR,00-0040151,GranCh00,,Charles Grant,FALSE,OL,OL,O,William & Mary,23,2025,0,0,0,1,,1,9,0,0,0,0,0,0,0,0,0,0,0,,,
2025,3,100,SFO,00-0040152,StouUp00,upton-stout-1,Upton Stout,FALSE,CB,DB,D,Western Kentucky,23,2025,0,0,0,2,,2,16,0,0,0,0,0,0,0,0,0,0,0,43,,1
2025,3,101,DEN,00-0040153,JoneSa01,saivion-jones-1,Sai'vion Jones,FALSE,DE,DL,D,LSU,22,2025,0,0,0,1,,1,3,0,0,0,0,0,0,0,0,0,0,0,,,
2025,3,102,MIN,00-0040154,FeltTa00,tai-felton-1,Tai Felton,FALSE,WR,WR,O,Maryland,22,2025,0,0,0,0,,0,17,0,0,0,0,0,0,0,0,3,25,0,5,,
2025,4,103,TEN,00-0040705,DikeCh00,chimere-dike-1,Chimere Dike,FALSE,WR,WR,O,Florida,23,2025,1,1,0,5,,5,17,0,0,0,0,0,11,18,0,48,423,4,,,
2025,4,104,JAX,00-0040719,TuteBh00,bhayshul-tuten-1,Bhayshul Tuten,FALSE,RB,RB,O,Virginia Tech,22,2025,0,0,0,3,,3,15,0,0,0,0,0,83,307,5,10,79,2,,,
2025,4,105,NYG,00-0040715,SkatCa00,cameron-skattebo-1,Cam Skattebo,FALSE,RB,RB,O,Arizona St.,23,2025,0,0,0,5,,5,8,0,0,0,0,0,101,410,5,24,207,2,,,
2025,4,106,NWE,00-0040716,WoodCr00,criag-woodson-1,Craig Woodson,FALSE,SAF,DB,D,California,24,2025,0,0,0,6,,6,17,0,0,0,0,0,0,0,0,0,0,0,42,,
2025,4,107,JAX,00-0040723,KiseJa00,jack-kiser-1,Jack Kiser,FALSE,LB,LB,D,Notre Dame,24,2025,0,0,0,1,,1,14,0,0,0,0,0,0,0,0,0,0,0,5,,
2025,4,108,LVR,00-0040581,ThorDo00,donte-thornton-1,Dont'e Thornton,FALSE,WR,WR,O,Tennessee,22,2025,0,0,0,1,,1,15,0,0,0,0,0,0,0,0,10,135,0,,,
2025,4,109,BUF,00-0040710,WalkDe04,deone-walker-1,Deone Walker,FALSE,DT,DL,D,Kentucky,21,2025,0,0,0,8,,8,17,0,0,0,0,0,0,0,0,0,0,0,17,,1
2025,4,110,NYJ,00-0040582,SmitAr01,arian-smith-1,Arian Smith,FALSE,WR,WR,O,Georgia,23,2025,0,0,0,1,,1,16,0,0,0,0,0,4,13,0,7,52,0,3,,
2025,4,111,PHI,00-0040662,RobiTy02,ty-robinson-1,Ty Robinson,FALSE,DT,DL,D,Nebraska,24,2025,0,0,0,1,,1,11,0,0,0,0,0,0,0,0,0,0,0,1,,
2025,4,112,NOR,00-0040155,StutDa00,danny-stutsman-1,Danny Stutsman,FALSE,LB,LB,D,Oklahoma,22,2025,0,0,0,1,,1,17,0,0,0,0,0,0,0,0,0,0,0,25,,
2025,4,113,SFO,00-0040711,WestCJ00,cj-west-1,CJ West,FALSE,DT,DL,D,Indiana,23,2025,0,0,0,1,,1,14,0,0,0,0,0,0,0,0,0,0,0,12,,1
2025,4,114,CAR,00-0040644,EtieTr01,trevor-etienne-1,Trevor Etienne,FALSE,RB,RB,O,Georgia,21,2025,0,0,0,1,,1,17,0,0,0,0,0,20,94,0,3,13,0,,,
2025,4,115,ARI,00-0040645,SimoCo01,cody-simon-1,Cody Simon,FALSE,LB,LB,D,Ohio St.,23,2025,0,0,0,3,,3,16,0,0,0,0,0,0,0,0,0,0,0,30,,0.5
2025,4,116,HOU,00-0040583,MarkWo00,joquavious-marks-1,Woody Marks,FALSE,RB,RB,O,USC,24,2025,0,0,0,6,,6,16,0,0,0,0,0,196,703,2,24,208,3,,,
2025,4,117,LAR,00-0040692,HuntJa03,jarquez-hunter-1,Jarquez Hunter,FALSE,RB,RB,O,Auburn,22,2025,0,0,0,0,,0,5,0,0,0,0,0,0,0,0,0,0,0,,,
2025,4,118,ATL,00-0040156,BowmBi01,billy-bowman-1,Billy Bowman,FALSE,SAF,DB,D,Oklahoma,22,2025,0,0,0,1,,1,6,0,0,0,0,0,0,0,0,0,0,0,15,1,1.5
2025,4,119,CIN,00-0040157,CartBa00,barrett-carter-1,Barrett Carter,FALSE,LB,LB,D,Clemson,22,2025,0,0,0,5,,5,17,0,0,0,0,0,0,0,0,0,0,0,53,1,
2025,4,120,TEN,00-0040584,HelmGu00,gunnar-helm-1,Gunnar Helm,FALSE,TE,TE,O,Texas,23,2025,0,0,0,3,,3,16,0,0,0,0,0,0,0,0,44,357,2,1,,
2025,4,121,TAM,00-0040158,WalkDa03,,David Walker,FALSE,OLB,LB,D,Central Arkansas,25,,0,0,0,,,,,,,,,,,,,,,,,,
2025,4,122,CAR,00-0040159,RansLa00,lathan-ransom-1,Lathan Ransom,FALSE,SAF,DB,D,Ohio St.,23,2025,0,0,0,3,,3,16,0,0,0,0,0,0,0,0,0,0,0,21,1,1
2025,4,123,PIT,00-0040160,SawyJa00,jack-sawyer-2,Jack Sawyer,FALSE,DE,DL,D,Ohio St.,23,2025,0,0,0,2,,2,17,0,0,0,0,0,0,0,0,0,0,0,16,2,1
2025,4,124,GNB,00-0040010,SorrBa00,barryn-sorrell-1,Barryn Sorrell,FALSE,DE,DL,D,Texas,22,2025,0,0,0,2,,2,14,0,0,0,0,0,0,0,0,0,0,0,7,,1.5
2025,4,125,LAC,00-0040161,KennKy00,kyle-kennard-1,Kyle Kennard,FALSE,DE,DL,D,South Carolina,23,2025,0,0,0,0,,0,5,0,0,0,0,0,0,0,0,0,0,0,1,,
2025,4,126,CLE,00-0040162,SampDy00,dylan-sampson-1,Dylan Sampson,FALSE,RB,RB,O,Tennessee,20,2025,0,0,0,3,,3,15,0,0,0,0,0,65,175,0,33,271,2,,,
2025,4,127,IND,00-0040163,TravJa00,jalen-travis-1,Jalen Travis,FALSE,OT,OL,O,Iowa St.,23,2025,0,0,0,3,,3,17,0,0,0,0,0,0,0,0,0,0,0,,,
2025,4,128,WAS,00-0040164,LaneJa00,jaylin-lane-1,Jaylin Lane,FALSE,WR,WR,O,Virginia Tech,23,2025,0,0,0,4,,4,15,0,0,0,0,0,1,7,0,16,225,0,,,
2025,4,129,BAL,00-0040069,BuchTe00,teddye-buchanan-1,Teddye Buchanan,FALSE,LB,LB,D,California,22,2025,0,0,0,5,,5,14,0,0,0,0,0,0,0,0,0,0,0,49,,0.5
2025,4,130,NYJ,00-0040165,MoorMa04,malachi-moore-2,Malachi Moore,FALSE,SAF,DB,D,Alabama,23,2025,0,0,0,4,,4,17,0,0,0,0,0,0,0,0,1,3,0,56,,
2025,4,131,NOR,00-0040166,RileQu00,quincy-riley-2,Quincy Riley,FALSE,CB,DB,D,Louisville,24,2025,0,0,0,3,,3,17,0,0,0,0,0,0,0,0,0,0,0,29,1,
2025,4,132,CHI,00-0040167,HyppRu00,ruban-hyppolite-ii-1,Ruben Hyppolite,FALSE,LB,LB,D,Maryland,23,2025,0,0,0,1,,1,7,0,0,0,0,0,0,0,0,0,0,0,3,,
2025,4,133,KAN,00-0040646,RoyaJa00,jalen-royals-1,Jalen Royals,FALSE,WR,WR,O,Utah St.,22,2025,0,0,0,0,,0,7,0,0,0,0,0,0,0,0,2,4,0,1,,
2025,4,134,DEN,00-0040168,RobiQu00,quandarrius-robinson-1,Quandarrius Robinson,FALSE,LB,LB,D,Alabama,24,2025,0,0,0,1,,1,6,0,0,0,0,0,0,0,0,0,0,0,6,,0.5
2025,4,135,LVR,00-0040169,HemiTo00,tonka-hemingway-1,Tonka Hemingway,FALSE,DT,DL,D,South Carolina,23,2025,0,0,0,1,,1,9,0,0,0,0,0,0,0,0,0,0,0,8,,4
2025,4,136,TEN,00-0040170,AyomEl00,elic-ayomanor-1,Elic Ayomanor,FALSE,WR,WR,O,Stanford,22,2025,0,0,0,4,,4,16,0,0,0,0,0,0,0,0,41,515,4,,,
2025,4,137,NWE,00-0040171,FarmJo00,joshua-farmer-1,Joshua Farmer,FALSE,DT,DL,D,Florida St.,22,2025,0,0,0,3,,3,13,0,0,0,0,0,0,0,0,0,0,0,7,,
2025,4,138,SFO,00-0040172,WatkJo00,jordan-watkins-2,Jordan Watkins,FALSE,WR,WR,O,Mississippi,23,2025,0,0,0,0,,0,4,0,0,0,0,0,0,0,0,2,26,0,,,
2025,5,139,MIN,00-0040173,IngrTy00,tyrion-ingram-dawkins-1,Tyrion Ingram-Dawkins,FALSE,DE,DL,D,Georgia,22,2025,0,0,0,2,,2,14,0,0,0,0,0,0,0,0,0,0,0,6,,1
2025,5,140,CAR,00-0040174,JackCa01,camron-jackson-1,Cam Jackson,FALSE,DT,DL,D,Florida,23,2025,0,0,0,1,,1,9,0,0,0,0,0,0,0,0,0,0,0,2,,
2025,5,141,BAL,00-0040070,VinsCa00,,Carson Vinson,FALSE,OT,OL,O,Alabama A&M,23,2025,0,0,0,1,,1,7,0,0,0,0,0,0,0,0,0,0,0,,,
2025,5,142,SEA,00-0040647,MillRy02,rylie-mills-1,Rylie Mills,FALSE,DL,DL,D,Notre Dame,24,2025,0,0,0,0,,0,4,0,0,0,0,0,0,0,0,0,0,0,1,,
2025,5,143,MIA,00-0040175,PhilJo02,jordan-phillips-2,Jordan Phillips,FALSE,DL,DL,D,Maryland,21,2025,0,0,0,6,,6,17,0,0,0,0,0,0,0,0,0,0,0,8,,
2025,5,144,CLE,00-0040668,SandSh00,shedeur-sanders-1,Shedeur Sanders,FALSE,QB,QB,O,Colorado,23,2025,0,1,0,2,,2,8,120,212,1400,7,10,21,169,1,0,0,0,,,
2025,5,145,PHI,00-0040071,McWiMa01,mac-mcwilliams-1,Mac McWilliams,FALSE,CB,DB,D,Central Florida,23,2025,0,0,0,0,,0,5,0,0,0,0,0,0,0,0,0,0,0,1,,
2025,5,146,NWE,00-0040176,SwinBr01,bradyn-swinson-1,Bradyn Swinson,FALSE,DE,DL,D,LSU,23,2025,0,0,0,0,,0,3,0,0,0,0,0,0,0,0,0,0,0,1,,
2025,5,147,SFO,00-0040177,JameJo01,jordan-james-3,Jordan James,FALSE,RB,RB,O,Oregon,21,2025,0,0,0,0,,0,3,0,0,0,0,0,0,0,0,0,0,0,,,
2025,5,148,LAR,00-0040585,HamiTy00,ty-hamilton-2,Ty Hamilton,FALSE,DT,DL,D,Ohio St.,23,2025,0,0,0,1,,1,14,0,0,0,0,0,0,0,0,0,0,0,1,,
2025,5,149,DAL,00-0040586,BlueJa01,jaydon-blue-1,Jaydon Blue,FALSE,RB,RB,O,Texas,21,2025,0,0,0,1,,1,5,0,0,0,0,0,38,129,1,1,5,0,,,
2025,5,150,MIA,00-0040178,MarsJa00,jason-marshall-jr-1,Jason Marshall,FALSE,CB,DB,D,Florida,23,2025,0,0,0,1,,1,12,0,0,0,0,0,0,0,0,0,0,0,14,1,
2025,5,151,IND,00-0040179,GiddDJ00,dj-giddens-1,DJ Giddens,FALSE,RB,RB,O,Kansas St.,22,2025,0,0,0,1,,1,9,0,0,0,0,0,26,96,0,0,0,0,,,
2025,5,152,DAL,00-0040011,JameSh00,shemar-james-1,Shemar James,FALSE,LB,LB,D,Florida,21,2025,0,0,0,2,,2,14,0,0,0,0,0,0,0,0,0,0,0,40,,1.5
2025,5,153,CIN,00-0040180,RiveJa00,jalen-rivers-1,Jalen Rivers,FALSE,OL,OL,O,Miami (FL),22,2025,0,0,0,3,,3,16,0,0,0,0,0,0,0,0,0,0,0,,,
2025,5,154,NYG,00-0040181,MbowMa00,marcus-mbow-1,Marcus Mbow,FALSE,OL,OL,O,Purdue,22,2025,0,0,0,2,,2,13,0,0,0,0,0,0,0,0,0,0,0,,,
2025,5,155,MIA,00-0040182,TradDa00,dante-trader-1,Dante Trader,FALSE,SAF,DB,D,Maryland,22,2025,0,0,0,2,,2,17,0,0,0,0,0,0,0,0,0,0,0,29,,
2025,5,156,KAN,00-0040072,BassJe00,jeffrey-bassa-1,Jeffrey Bassa,FALSE,LB,LB,D,Oregon,22,2025,0,0,0,1,,1,17,0,0,0,0,0,0,0,0,0,0,0,6,,
2025,5,157,TAM,00-0040183,RobeEl01,elijah-roberts-1,Elijah Roberts,FALSE,DT,DL,D,SMU,23,2025,0,0,0,5,,5,17,0,0,0,0,0,0,0,0,0,0,0,10,,2
2025,5,158,LAC,00-0040184,LambKe01,keandre-lambert-smith-1,KeAndre Lambert-Smith,FALSE,WR,WR,O,Auburn,23,2025,0,0,0,0,,0,10,0,0,0,0,0,0,0,0,5,51,1,,,
2025,5,159,GNB,00-0040012,OlivCo00,collin-oliver-1,Collin Oliver,FALSE,DE,DL,D,Oklahoma St.,22,2025,0,0,0,0,,0,1,0,0,0,0,0,0,0,0,0,0,0,1,,
2025,5,160,SFO,00-0040185,SiglMa00,marques-sigle-1,Marques Sigle,FALSE,SAF,DB,D,Kansas St.,23,2025,0,0,0,3,,3,15,0,0,0,0,0,0,0,0,0,0,0,28,,
2025,5,161,PHI,00-0040013,MondSm01,smael-mondon-jr-1,Smael Mondon,FALSE,LB,LB,D,Georgia,22,2025,0,0,0,1,,1,17,0,0,0,0,0,0,0,0,0,0,0,4,,
2025,5,162,NYJ,00-0040186,MauiFr00,francisco-mauigoa-1,Francisco Mauigoa,FALSE,LB,LB,D,Miami (FL),22,2025,0,0,0,3,,3,12,0,0,0,0,0,0,0,0,0,0,0,16,,
2025,5,163,CAR,00-0040187,EvanMi01,mitchell-evans-2,Mitchell Evans,FALSE,TE,TE,O,Notre Dame,22,2025,0,0,0,2,,2,17,0,0,0,0,0,1,1,0,19,171,2,,,
2025,5,164,PIT,00-0040188,BlacYa00,yahya-black-1,Yahya Black,FALSE,DT,DL,D,Iowa,23,2025,0,0,0,2,,2,17,0,0,0,0,0,0,0,0,0,0,0,10,,
2025,5,165,LAC,00-0040189,GadsOr01,oronde-gadsden-ii-1,Oronde Gadsden II,FALSE,TE,TE,O,Syracuse,22,2025,0,0,0,6,,6,15,0,0,0,0,0,0,0,0,49,664,3,,,
2025,5,166,SEA,00-0040648,HortTo00,tory-horton-1,Tory Horton,FALSE,WR,WR,O,Colorado St.,22,2025,0,0,0,2,,2,8,0,0,0,0,0,0,0,0,13,161,5,,,
2025,5,167,TEN,00-0040190,SlatJa01,,Jackson Slater,FALSE,OL,OL,O,Sacramento St.,22,2025,0,0,0,1,,1,12,0,0,0,0,0,0,0,0,0,0,0,,,
2025,5,168,PHI,00-0040587,KendDr00,drew-kendall-1,Drew Kendall,FALSE,C,OL,O,Boston Col.,23,2025,0,0,0,1,,1,7,0,0,0,0,0,0,0,0,0,0,0,,,
2025,5,169,CHI,00-0040191,FrazZa01,zah-frazier-1,Zah Frazier,FALSE,CB,DB,D,Texas-San Antonio,24,,0,0,0,,,,,,,,,,,,,,,,,,
2025,5,170,BUF,00-0040192,HancJo00,jordan-hancock-1,Jordan Hancock,FALSE,SAF,DB,D,Ohio St.,22,2025,0,0,0,1,,1,13,0,0,0,0,0,0,0,0,0,0,0,9,,
2025,5,171,DET,00-0040193,FrazMi00,miles-frazier-1,Miles Frazier,FALSE,G,OL,O,LSU,23,2025,0,0,0,0,,0,5,0,0,0,0,0,0,0,0,0,0,0,,,
2025,5,172,LAR,00-0040588,PaulCh01,chris-paul-jr-1,Chris Paul,FALSE,LB,LB,D,Mississippi,22,,0,0,0,,,,,,,,,,,,,,,,,,
2025,5,173,BUF,00-0040194,HaweJa00,jackson-hawes-1,Jackson Hawes,FALSE,TE,TE,O,Georgia Tech,24,2025,0,0,0,2,,2,17,0,0,0,0,0,0,0,0,16,187,3,,,
2025,5,174,ARI,00-0040195,BurkDe01,denzel-burke-1,Denzel Burke,FALSE,CB,DB,D,Ohio St.,22,2025,0,0,0,3,,3,17,0,0,0,0,0,0,0,0,0,0,0,34,3,
2025,5,175,SEA,00-0040649,OuztRo00,robbie-ouzts-1,Robbie Ouzts,FALSE,TE,TE,O,Alabama,23,2025,0,0,0,0,,0,12,0,0,0,0,0,0,0,0,0,0,0,,,
2025,5,176,NYJ,00-0040196,BaroTy00,tyler-baron-1,Tyler Baron,FALSE,DE,DL,D,Miami (FL),23,2025,0,0,0,0,,0,6,0,0,0,0,0,0,0,0,0,0,0,5,,
2025,6,177,BUF,00-0040197,StroDo01,dorian-strong-1,Dorian Strong,FALSE,CB,DB,D,Virginia Tech,23,2025,0,0,0,1,,1,4,0,0,0,0,0,0,0,0,0,0,0,9,,
2025,6,178,BAL,00-0040073,KoneBi00,bilhal-kone-1,Bilhal Kone,FALSE,CB,DB,D,Western Michigan,23,,0,0,0,,,,,,,,,,,,,,,,,,
2025,6,179,MIA,00-0040198,GordOl00,ollie-gordon-1,Ollie Gordon,FALSE,RB,RB,O,Oklahoma St.,21,2025,0,0,0,2,,2,17,0,0,0,0,0,70,199,3,7,32,1,2,,
2025,6,180,LVR,00-0040199,PeguJJ00,jj-pegues-1,JJ Pegues,FALSE,DT,DL,D,Mississippi,23,2025,0,0,0,1,,1,9,0,0,0,0,0,0,0,0,0,0,0,4,,
2025,6,181,PHI,00-0040014,McCoKy00,kyle-mccord-1,Kyle McCord,FALSE,QB,QB,O,Syracuse,22,,0,0,0,,,,,,,,,,,,,,,,,,
2025,6,182,NWE,00-0040200,BorrAn00,andres-borregales-1,Andres Borregales,FALSE,K,K,S,Miami (FL),22,2025,0,0,0,2,,2,17,0,0,0,0,0,0,0,0,0,0,0,1,,
2025,6,183,TEN,00-0040201,HarrMa10,marcus-harris-3,Marcus Harris,FALSE,DB,DB,D,California,24,2025,0,0,0,2,,2,14,0,0,0,0,0,0,0,0,0,0,0,18,,
2025,6,184,NOR,00-0040202,NealDe00,devin-neal-3,Devin Neal,FALSE,RB,RB,O,Kansas,22,2025,0,0,0,2,,2,10,0,0,0,0,0,57,206,2,17,104,0,,,
2025,6,185,PIT,00-0040203,HowaWi01,will-howard-2,Will Howard,FALSE,QB,QB,O,Ohio St.,23,,0,0,0,,,,,,,,,,,,,,,,,,
2025,6,186,BAL,00-0040074,LoopTy00,tyler-loop-1,Tyler Loop,FALSE,K,K,S,Arizona,24,2025,0,0,0,3,,3,17,0,0,0,0,0,0,0,0,0,0,0,2,,
2025,6,187,HOU,00-0040204,ReedJa04,jaylen-reed-1,Jaylen Reed,FALSE,SAF,DB,D,Penn St.,22,2025,0,0,0,1,,1,7,0,0,0,0,0,0,0,0,0,0,0,9,,
2025,6,188,TEN,00-0040205,MullKa00,kalel-mullings-1,Kalel Mullings,FALSE,RB,RB,O,Michigan,22,2025,0,0,0,0,,0,9,0,0,0,0,0,3,7,0,0,0,0,1,,
2025,6,189,IND,00-0040206,LeonRi02,riley-leonard-1,Riley Leonard,FALSE,QB,QB,O,Notre Dame,22,2025,0,0,0,2,,2,5,39,67,415,2,3,6,27,2,0,-3,0,,,
2025,6,190,IND,00-0040207,SmitTi02,tim-smith-8,Tim Smith,FALSE,DL,DL,D,Alabama,23,,0,0,0,,,,,,,,,,,,,,,,,,
2025,6,191,PHI,00-0040015,HintMy00,myles-hinton-1,Myles Hinton,FALSE,OT,OL,O,Michigan,23,,0,0,0,,,,,,,,,,,,,,,,,,
2025,6,192,SEA,00-0040650,CabeBr00,bryce-cabeldue-1,Bryce Cabeldue,FALSE,OT,OL,O,Kansas,24,2025,0,0,0,1,,1,8,0,0,0,0,0,0,0,0,0,0,0,,,
2025,6,193,CIN,00-0040208,BrooTa00,tahj-brooks-1,Tahj Brooks,FALSE,RB,RB,O,Texas Tech,23,2025,0,0,0,0,,0,16,0,0,0,0,0,16,45,0,1,9,0,5,,
2025,6,194,JAX,00-0040209,McLeJa00,jalen-mcleod-1,Jalen McLeod,FALSE,DE,DL,D,Auburn,23,,0,0,0,,,,,,,,,,,,,,,,,,
2025,6,195,CHI,00-0040210,NewmLu00,luke-newman-1,Luke Newman,FALSE,G,OL,O,Michigan St.,23,2025,0,0,0,1,,1,9,0,0,0,0,0,0,0,0,0,0,0,,,
2025,6,196,DET,00-0040761,HassAh00,ahmed-hassanein-1,Ahmed Hassanein,FALSE,DE,DL,D,Boise St.,23,,0,0,0,,,,,,,,,,,,,,,,,,
2025,6,197,HOU,00-0040211,MertGr00,graham-mertz-1,Graham Mertz,FALSE,QB,QB,O,Florida,24,,0,0,0,,,,,,,,,,,,,,,,,,
2025,6,198,GNB,00-0040016,BrinWa00,warren-brinson-1,Warren Brinson,FALSE,DL,DL,D,Georgia,23,2025,0,0,0,1,,1,11,0,0,0,0,0,0,0,0,0,0,0,6,,0.5
2025,6,199,LAC,00-0040212,TaylBr04,branson-taylor-1,Branson Taylor,FALSE,OL,OL,O,Pittsburgh,23,2025,0,0,0,0,,0,1,0,0,0,0,0,0,0,0,0,0,0,,,
2025,6,200,JAX,00-0040213,LaneRa00,rayuan-lane-1,Rayuan Lane,FALSE,FS,FS,,Navy,22,2025,0,0,0,1,,1,17,0,0,0,0,0,0,0,0,0,0,0,12,,
2025,6,201,MIN,00-0040214,KingKo00,kobe-king-1,Kobe King,FALSE,LB,LB,D,Penn St.,22,2025,0,0,0,1,,0,14,0,0,0,0,0,0,0,0,0,0,0,5,,
2025,6,202,MIN,00-0040215,BartGa00,gavin-bartholomew-1,Gavin Bartholomew,FALSE,TE,TE,O,Pittsburgh,22,,0,0,0,,,,,,,,,,,,,,,,,,
2025,6,203,BAL,00-0040075,WestLa01,lajohntay-wester-1,LaJohntay Wester,FALSE,WR,WR,O,Colorado,23,2025,0,0,0,0,,0,17,0,0,0,0,0,0,0,0,0,0,0,,,
2025,6,204,DAL,00-0040017,CornAj00,ajani-cornelius-1,Ajani Cornelius,FALSE,OL,OL,O,Oregon,23,2025,0,0,0,0,,0,1,0,0,0,0,0,0,0,0,0,0,0,,,
2025,6,205,WAS,00-0040216,MedrKa00,kain-medrano-1,Kain Medrano,FALSE,LB,LB,D,UCLA,24,2025,0,0,0,1,,1,9,0,0,0,0,0,0,0,0,0,0,0,3,,
2025,6,206,BUF,00-0040217,LundCh00,chase-lundt-1,Chase Lundt,FALSE,OL,OL,O,Connecticut,25,2025,0,0,0,0,,0,2,0,0,0,0,0,0,0,0,0,0,0,,,
2025,6,207,PHI,00-0040687,WillCa04,cameron-williams-1,Cameron Williams,FALSE,OL,OL,O,Texas,21,2025,0,0,0,0,,0,1,0,0,0,0,0,0,0,0,0,0,0,,,
2025,6,208,CAR,00-0040218,HornJi00,jimmy-horn-jr-1,Jimmy Horn,FALSE,WR,WR,O,Colorado,22,2025,0,0,0,1,,1,13,0,0,0,0,0,8,69,0,11,108,0,,,
2025,6,209,PHI,00-0040018,PoweAn00,antwuan-powell-1,Antwaun Powell-Ryland,FALSE,DE,DL,D,Virginia Tech,23,,0,0,0,,,,,,,,,,,,,,,,,,
2025,6,210,BAL,00-0040076,PeebAe00,aeneas-peebles-1,Aeneas Peebles,FALSE,DT,DL,D,Virginia Tech,24,2025,0,0,0,0,,0,6,0,0,0,0,0,0,0,0,0,0,0,2,,
2025,6,211,ARI,00-0040219,ConnHa00,hayden-conner-1,Hayden Conner,FALSE,OL,OL,O,Texas,23,2025,0,0,0,0,,0,5,0,0,0,0,0,0,0,0,0,0,0,,,
2025,6,212,BAL,00-0040077,LongRo00,robert-longerbeam-1,Robert Longerbeam,FALSE,DB,DB,D,Rutgers,24,,0,0,0,,,,,,,,,,,,,,,,,,
2025,6,213,LVR,00-0040220,MellTo00,,Tommy Mellott,FALSE,QB,QB,O,Montana St.,,,0,0,0,,,,,,,,,,,,,,,,,,
2025,6,214,LAC,00-0040221,MickRJ00,rj-mickens-1,R.J. Mickens,FALSE,SAF,DB,D,Clemson,24,2025,0,0,0,3,,3,12,0,0,0,0,0,0,0,0,0,0,0,18,2,
2025,6,215,LVR,00-0040222,MillCa00,,Cam Miller,FALSE,QB,QB,O,North Dakota St.,24,,0,0,0,,,,,,,,,,,,,,,,,,
2025,6,216,DEN,00-0040223,CrawJe00,jeremy-crawshaw-1,Jeremy Crawshaw,FALSE,P,P,S,Florida,24,2025,0,0,0,3,,3,17,0,0,0,0,0,0,0,0,0,0,0,,,
2025,7,217,DAL,00-0040019,ToiaJa00,jay-toia-1,Jay Toia,FALSE,DT,DL,D,UCLA,22,2025,0,0,0,0,,0,5,0,0,0,0,0,0,0,0,0,0,0,1,,
2025,7,218,ATL,00-0040224,NelsJa01,jack-nelson-1,Jack Nelson,FALSE,OT,OL,O,Wisconsin,23,2025,0,0,0,1,,1,10,0,0,0,0,0,0,0,0,0,0,0,,,
2025,7,219,NYG,00-0040225,FidoTh00,thomas-fidone-iii-1,Thomas Fidone,FALSE,TE,TE,O,Nebraska,22,2025,0,0,0,0,,0,7,0,0,0,0,0,0,0,0,0,0,0,1,,
2025,7,220,NWE,00-0040226,BryaMa02,marcus-bryant-1,Marcus Bryant,FALSE,OL,OL,O,Missouri,23,2025,0,0,0,1,,1,12,0,0,0,0,0,0,0,0,0,0,0,,,
2025,7,221,JAX,00-0040227,MonhJo00,jonah-monheim-1,Jonah Monheim,FALSE,OL,OL,O,USC,23,2025,0,0,0,2,,2,17,0,0,0,0,0,0,0,0,0,0,0,,,
2025,7,222,LVR,00-0040228,LindCo00,cody-lindenberg-1,Cody Lindenberg,FALSE,LB,LB,D,Minnesota,23,2025,0,0,0,1,,1,17,0,0,0,0,0,0,0,0,0,0,0,4,,
2025,7,223,SEA,00-0040651,MartDa02,damien-martinez-1,Damien Martinez,FALSE,RB,RB,O,Miami (FL),21,,0,0,0,,,,,,,,,,,,,,,,,,
2025,7,224,HOU,00-0040229,HamiKy01,kyonte-hamilton-1,Kyonte Hamilton,FALSE,DL,DL,D,Rutgers,22,,0,0,0,,,,,,,,,,,,,,,,,,
2025,7,225,ARI,00-0040230,CrawKi00,kitan-crawford-1,Kitan Crawford,FALSE,SAF,DB,D,Nevada,23,2025,0,0,0,1,,1,15,0,0,0,0,0,0,0,0,0,0,0,11,,
2025,7,226,PIT,00-0040231,BrueCa00,carson-bruener-1,Carson Bruener,FALSE,LB,LB,D,Washington,24,2025,0,0,0,1,,1,17,0,0,0,0,0,0,0,0,0,0,0,7,,
2025,7,227,SFO,00-0040589,RourKu01,kurtis-rourke-1,Kurtis Rourke,FALSE,QB,QB,O,Indiana,24,,0,0,0,,,,,,,,,,,,,,,,,,
2025,7,228,KAN,00-0040078,SmitBr09,brashard-smith-1,Brashard Smith,FALSE,RB,RB,O,SMU,22,2025,0,0,0,3,,3,17,0,0,0,0,0,44,151,0,25,172,1,,,
2025,7,229,PIT,00-0040232,KentDo00,donte-kent-1,Donte Kent,FALSE,CB,DB,D,Central Michigan,23,,0,0,0,,,,,,,,,,,,,,,,,,
2025,7,230,DET,00-0040233,JackDa04,dan-jackson-2,Dan Jackson,FALSE,SAF,DB,D,Georgia,24,,0,0,0,,,,,,,,,,,,,,,,,,
2025,7,231,MIA,00-0040234,EwerQu00,quinn-ewers-1,Quinn Ewers,FALSE,QB,QB,O,Texas,22,2025,0,0,0,2,,2,4,55,83,622,3,3,8,19,0,1,-6,0,,,
2025,7,232,IND,00-0040235,WohlHu00,hunter-wohler-1,Hunter Wohler,FALSE,SAF,DB,D,Wisconsin,22,,0,0,0,,,,,,,,,,,,,,,,,,
2025,7,233,CHI,00-0040236,MonaKy00,kyle-monangai-1,Kyle Monangai,FALSE,RB,RB,O,Rutgers,23,2025,0,0,0,6,,6,17,0,0,0,0,0,169,783,5,18,164,0,,,
2025,7,234,SEA,00-0040652,RichMa01,mason-richman-1,Mason Richman,FALSE,OL,OL,O,Iowa,23,2025,0,0,0,0,,0,2,0,0,0,0,0,0,0,0,0,0,0,,,
2025,7,235,TAM,00-0040237,JohnTe03,tez-johnson-1,Tez Johnson,FALSE,WR,WR,O,Oregon,23,2025,0,0,0,3,,3,16,0,0,0,0,0,7,22,0,28,322,5,,,
2025,7,236,JAX,00-0040238,AlleLe01,lequint-allen-1,LeQuint Allen,FALSE,RB,RB,O,Syracuse,21,2025,0,0,0,1,,1,17,0,0,0,0,0,23,94,0,10,54,0,1,,
2025,7,237,GNB,00-0040020,RobiMi01,micah-robinson-2,Micah Robinson,FALSE,CB,DB,D,Tulane,23,2025,0,0,0,1,,,9,0,0,0,0,0,0,0,0,0,0,0,8,,
2025,7,238,SEA,00-0040653,WhitRi01,ricky-white-2,Ricky White,FALSE,WR,WR,O,UNLV,23,2025,0,0,0,0,,0,2,0,0,0,0,0,0,0,0,0,0,0,,,
2025,7,239,DAL,00-0040021,MafaPh00,phil-mafah-1,Phil Mafah,FALSE,RB,RB,O,Clemson,22,2025,0,0,0,0,,0,1,0,0,0,0,0,5,18,1,2,11,0,,,
2025,7,240,BUF,,PratKa00,kaden-prather-1,Kaden Prather,FALSE,WR,WR,O,Maryland,23,,0,0,0,,,,,,,,,,,,,,,,,,
2025,7,241,DEN,00-0040240,LohnCa00,caleb-lohner-1,Caleb Lohner,FALSE,TE,TE,O,Utah,24,,0,0,0,,,,,,,,,,,,,,,,,,
2025,7,242,LAR,00-0040590,MumpKo00,konata-mumpfield-1,Konata Mumpfield,FALSE,WR,WR,O,Pittsburgh,22,2025,0,0,0,1,,1,17,0,0,0,0,0,0,0,0,10,92,1,,,
2025,7,243,BAL,00-0040079,DellGa00,garrett-dellinger-1,Garrett Dellinger,FALSE,G,OL,O,LSU,23,2025,0,0,0,0,,,1,0,0,0,0,0,0,0,0,0,0,0,,,
2025,7,244,DET,00-0040241,LoveDo00,dominic-lovett-1,Dominic Lovett,FALSE,WR,WR,O,Georgia,22,2025,0,0,0,0,,0,12,0,0,0,0,0,0,0,0,0,0,0,,,
2025,7,245,WAS,00-0040242,CrosJa00,jacory-croskey-merritt-1,Jacory Croskey-Merritt,FALSE,RB,RB,O,Arizona,24,2025,0,0,0,6,,6,17,0,0,0,0,0,175,805,8,9,68,0,,,
2025,7,246,NYG,00-0040243,BlacKo00,korie-black-1,Korie Black,FALSE,CB,DB,D,Oklahoma St.,23,2025,0,0,0,1,,1,11,0,0,0,0,0,0,0,0,0,0,0,7,,
2025,7,247,DAL,00-0040022,AkinTo00,tommy-akingbesote-1,Tommy Akingbesote,FALSE,DT,DL,D,Maryland,22,,0,0,0,,,,,,,,,,,,,,,,,,
2025,7,248,NOR,00-0040244,MataMo00,moliki-matavao-1,Moliki Matavao,FALSE,TE,TE,O,UCLA,22,2025,0,0,0,0,,0,6,0,0,0,0,0,0,0,0,2,10,0,,,
2025,7,249,SFO,00-0040245,ColbCo00,connor-colby-1,Connor Colby,FALSE,OL,OL,O,Iowa,22,2025,0,0,0,3,,3,13,0,0,0,0,0,0,0,0,1,-1,0,,,
2025,7,250,GNB,00-0040023,WillJo11,john-williams-19,John Williams,FALSE,OL,OL,O,Cincinnati,23,,0,0,0,,,,,,,,,,,,,,,,,,
2025,7,251,NWE,00-0040246,AshbJu00,julian-ashby-1,Julian Ashby,FALSE,LS,LS,S,Vanderbilt,23,2025,0,0,0,1,,1,17,0,0,0,0,0,0,0,0,0,0,0,2,,
2025,7,252,SFO,00-0040247,BergJu00,,Junior Bergen,FALSE,WR,WR,O,Montana,,,0,0,0,,,,,,,,,,,,,,,,,,
2025,7,253,MIA,00-0040248,BiggZe01,zeek-biggers-1,Zeek Biggers,FALSE,DL,DL,D,Georgia Tech,21,2025,0,0,0,1,,1,9,0,0,0,0,0,0,0,0,0,0,0,6,,1.5
2025,7,254,NOR,00-0040249,DiggFa00,fadil-diggs-1,Fadil Diggs,FALSE,DE,DL,D,Syracuse,23,2025,0,0,0,0,,0,5,0,0,0,0,0,0,0,0,0,0,0,,,
2025,7,255,HOU,00-0040250,LachLu00,luke-lachey-1,Luke Lachey,FALSE,TE,TE,O,Iowa,24,,0,0,0,,,,,,,,,,,,,,,,,,
2025,7,256,LAC,00-0040251,BridTr00,trikweze-bridges-1,Trikweze Bridges,FALSE,SAF,DB,D,Florida,24,2025,0,0,0,1,,,16,0,0,0,0,0,0,0,0,0,0,0,17,1,
2025,7,257,NWE,00-0040252,MinoKo00,kobee-minor-1,Kobee Minor,FALSE,DB,DB,D,Memphis,23,2025,0,0,0,0,,0,4,0,0,0,0,0,0,0,0,0,0,0,1,,
